session_id,event_id,timestamp_sec,duration_sec,is_manual_cancel,controller_idle_sec,head_speed_mps
1,0,0.0,0.65,1,4.24,0.915
1,1,19.14,8.09,0,1.88,0.852
1,2,33.06,4.11,0,5.37,1.139
1,3,47.49,6.12,0,1.37,0.055
1,4,26.38,13.76,0,4.69,0.786
1,5,53.04,12.29,0,3.29,0.338
1,6,83.91,2.4,1,5.57,1.382
1,7,119.71,4.07,0,2.5,1.479
1,8,127.83,0.83,1,3.62,0.164
1,9,134.07,13.83,0,3.43,0.232
1,10,194.65,4.67,0,3.4,0.93
1,11,120.83,11.32,0,4.29,1.084
1,12,104.62,7.02,0,5.45,0.705
1,13,66.4,0.35,1,3.55,0.903
1,14,139.39,3.48,0,0.87,0.096
1,15,237.75,5.95,0,3.17,0.832
1,16,177.69,9.3,0,1.84,0.736
1,17,305.28,1.75,1,2.45,0.646
1,18,286.62,1.74,1,4.05,0.138
1,19,134.95,4.05,0,1.55,0.828
1,20,342.41,1.32,1,5.31,0.159
1,21,109.65,3.92,0,4.09,0.834
1,22,268.85,1.96,1,1.8,0.639
2,0,0.0,0.43,1,2.58,1.479
2,1,19.93,7.16,0,2.83,1.438
2,2,39.06,9.83,0,1.35,0.48
2,3,41.29,8.04,0,4.61,0.133
2,4,24.81,2.18,1,1.37,1.443
2,5,33.99,1.61,1,4.21,0.391
2,6,67.73,5.04,0,3.77,0.948
2,7,110.2,7.85,0,5.64,0.346
2,8,77.94,1.17,1,4.19,0.485
2,9,179.47,3.27,0,3.02,1.498
2,10,182.13,0.77,1,1.96,1.403
2,11,171.08,6.29,0,1.37,1.259
2,12,207.08,12.56,0,4.1,0.061
2,13,87.51,1.76,1,5.66,0.245
2,14,220.7,1.52,1,2.0,0.927
2,15,278.7,1.7,1,1.95,0.758
2,16,80.85,3.48,0,2.83,0.451
2,17,225.68,9.01,0,1.94,1.125
2,18,334.06,0.32,1,0.91,1.331
2,19,131.32,11.01,0,3.7,0.265
2,20,369.68,2.28,1,4.88,1.298
2,21,383.5,0.85,1,1.07,1.181
2,22,395.32,1.67,1,1.35,1.398
2,23,369.11,10.77,0,5.35,0.086
2,24,411.87,2.35,1,4.91,1.303
2,25,446.97,2.03,1,1.09,1.315
2,26,440.18,2.1,1,3.03,0.493
2,27,485.06,0.35,1,1.56,0.526
2,28,552.08,5.37,0,4.03,0.63
2,29,222.68,2.37,1,1.13,1.457
2,30,477.85,5.23,0,1.1,0.68
2,31,423.11,1.63,1,3.31,0.609
2,32,418.46,1.86,1,0.51,1.392
2,33,199.64,10.07,0,4.19,0.578
2,34,537.07,5.89,0,2.23,1.28
2,35,330.22,0.98,1,2.75,0.633
2,36,667.51,1.22,1,5.67,1.032
2,37,344.24,5.59,0,3.51,0.051
2,38,442.03,1.58,1,4.1,0.724
2,39,294.27,1.34,1,5.46,1.204
2,40,691.05,1.43,1,3.98,0.536
2,41,220.02,9.37,0,1.74,0.339
2,42,471.1,1.35,1,5.17,0.156
2,43,372.37,4.51,0,4.33,0.767
2,44,290.35,2.59,0,4.63,1.167
2,45,258.9,0.69,1,5.77,0.801
2,46,690.63,2.17,1,3.01,1.212
3,0,0.0,13.07,0,5.4,0.938
3,1,16.15,11.76,0,3.51,1.351
3,2,32.97,5.54,0,1.86,0.975
3,3,27.86,9.55,0,2.01,0.162
3,4,33.88,6.2,0,3.47,0.251
3,5,65.7,10.41,0,0.85,0.641
3,6,82.57,4.97,0,2.81,1.362
3,7,35.62,12.05,0,4.71,0.602
3,8,90.28,10.93,0,5.19,1.432
3,9,74.62,8.67,0,3.82,0.37
3,10,110.65,3.04,0,2.35,1.035
3,11,59.45,1.33,1,1.2,0.952
3,12,84.43,8.87,0,0.65,0.982
3,13,128.73,3.27,0,2.59,0.357
3,14,122.98,6.85,0,4.64,1.256
3,15,153.74,0.34,1,3.47,1.5
3,16,307.91,11.23,0,4.08,1.144
3,17,255.71,0.34,1,1.34,0.233
3,18,135.3,5.1,0,4.35,1.162
3,19,369.95,10.87,0,1.13,1.238
3,20,387.45,0.36,1,2.22,1.032
3,21,302.58,10.51,0,0.92,1.051
3,22,149.95,2.0,1,5.18,0.921
3,23,242.85,11.24,0,2.41,0.671
3,24,157.99,6.44,0,5.17,1.242
3,25,288.31,9.64,0,5.06,1.076
3,26,339.89,13.23,0,1.99,1.222
3,27,479.94,7.46,0,4.52,0.439
3,28,335.18,3.67,0,5.35,0.404
3,29,224.1,6.85,0,0.66,1.284
3,30,465.53,11.41,0,2.37,1.326
3,31,489.83,2.83,0,5.71,0.174
3,32,395.59,10.98,0,4.3,0.987
3,33,316.57,3.74,0,1.72,1.053
3,34,550.43,7.87,0,3.42,0.667
3,35,238.34,10.37,0,1.99,0.415
3,36,279.98,0.56,1,3.45,1.155
4,0,0.0,5.55,0,3.74,1.152
4,1,9.53,11.4,0,2.13,0.573
4,2,18.76,3.97,0,0.75,0.129
4,3,15.55,9.35,0,4.64,0.199
4,4,35.15,1.35,1,2.37,1.45
4,5,68.28,3.84,0,0.86,0.763
4,6,37.67,4.23,0,4.96,1.426
4,7,99.93,1.53,1,2.79,0.914
4,8,110.62,6.64,0,5.5,0.481
4,9,58.4,1.55,1,0.83,1.442
4,10,85.98,9.22,0,1.96,0.168
4,11,132.54,0.64,1,2.75,1.05
4,12,72.81,0.93,1,2.05,1.296
4,13,221.76,0.88,1,4.85,0.905
4,14,125.78,0.55,1,1.74,0.266
4,15,260.45,0.43,1,4.86,0.913
4,16,176.6,7.26,0,3.08,0.491
4,17,311.8,1.49,1,2.91,0.917
4,18,272.06,8.99,0,0.64,0.382
4,19,329.11,8.82,0,0.61,1.159
4,20,232.67,1.98,1,1.46,0.802
4,21,410.25,2.49,1,2.9,1.231
4,22,163.07,1.2,1,2.27,0.202
4,23,377.37,1.39,1,4.14,0.631
4,24,398.12,0.49,1,1.89,0.218
4,25,298.24,11.32,0,0.51,1.311
5,0,0.0,1.1,1,4.66,0.957
5,1,15.47,1.51,1,5.6,0.685
5,2,14.75,2.44,1,3.85,0.397
5,3,56.08,1.51,1,1.01,1.489
5,4,63.0,0.56,1,5.08,0.773
5,5,43.28,0.9,1,5.09,1.471
5,6,109.14,1.14,1,5.57,0.787
5,7,133.1,5.41,0,4.85,0.652
5,8,110.43,2.11,1,2.06,0.483
5,9,91.59,7.6,0,1.32,0.831
5,10,78.3,1.5,1,3.0,0.517
5,11,62.2,8.45,0,1.78,1.175
5,12,179.46,9.82,0,4.96,0.61
5,13,162.95,12.65,0,3.22,0.104
5,14,180.45,2.21,1,5.31,0.688
5,15,109.73,1.89,1,2.75,0.999
5,16,235.96,2.43,1,2.36,1.054
5,17,165.75,11.33,0,5.23,0.601
5,18,108.47,10.37,0,5.3,0.102
5,19,218.68,2.33,1,5.99,1.133
5,20,308.2,1.69,1,5.3,0.693
6,0,0.0,1.01,1,0.81,0.57
6,1,7.63,1.21,1,4.25,0.311
6,2,27.49,6.41,0,4.26,0.772
6,3,55.45,1.7,1,3.03,1.017
6,4,76.71,5.45,0,3.51,0.157
6,5,59.26,5.57,0,5.79,1.051
6,6,64.32,2.5,1,5.19,0.205
6,7,122.15,0.95,1,4.35,0.082
6,8,156.83,2.62,0,5.26,1.179
6,9,149.73,10.09,0,5.08,1.359
6,10,87.59,2.06,1,1.7,0.326
6,11,71.03,10.32,0,4.24,0.248
6,12,125.68,2.93,0,4.84,0.098
6,13,104.15,2.3,1,2.3,0.652
6,14,127.23,11.42,0,2.51,0.778
6,15,141.41,2.31,1,5.69,1.453
6,16,261.0,10.69,0,3.08,0.159
6,17,300.66,1.79,1,4.21,0.626
6,18,123.37,3.45,0,2.67,0.433
6,19,276.99,1.95,1,1.94,0.602
6,20,382.95,1.78,1,3.09,0.948
6,21,251.24,1.64,1,4.06,0.971
6,22,122.28,9.12,0,1.14,0.116
6,23,249.08,3.71,0,1.79,0.829
6,24,331.44,2.39,1,4.33,0.833
6,25,355.87,11.51,0,4.1,1.259
6,26,303.43,5.37,0,4.3,0.365
6,27,500.19,1.1,1,5.9,0.583
6,28,538.58,3.15,0,2.02,1.454
6,29,567.43,3.46,0,1.67,0.977
6,30,242.34,1.03,1,5.94,1.191
6,31,263.34,8.15,0,3.73,1.229
6,32,632.33,10.53,0,3.78,0.452
6,33,593.89,8.01,0,4.89,0.209
6,34,178.05,1.09,1,4.84,0.904
6,35,208.37,0.58,1,2.82,0.215
6,36,299.64,6.21,0,3.77,0.705
6,37,352.4,9.91,0,5.5,1.005
6,38,432.98,2.85,0,5.99,1.279
6,39,383.44,1.87,1,2.94,1.354
6,40,627.29,0.58,1,3.93,0.899
6,41,469.57,8.59,0,2.12,0.783
6,42,557.34,3.69,0,4.1,1.323
6,43,748.69,6.9,0,5.38,0.65
6,44,388.23,9.93,0,2.22,0.503
6,45,282.62,9.5,0,3.11,0.182
6,46,271.39,10.08,0,2.55,0.239
6,47,850.89,8.23,0,4.19,0.646
7,0,0.0,11.13,0,4.47,1.454
7,1,8.36,8.24,0,1.67,1.002
7,2,27.22,2.16,1,2.52,1.156
7,3,42.61,10.9,0,5.86,1.237
7,4,36.05,2.75,0,5.61,1.253
7,5,25.46,1.85,1,2.2,0.543
7,6,86.99,8.13,0,2.7,0.256
7,7,70.79,1.94,1,1.68,0.659
7,8,50.19,9.67,0,4.77,0.873
7,9,81.73,0.65,1,3.9,1.027
7,10,163.24,7.32,0,2.93,0.446
7,11,135.29,1.25,1,2.06,1.034
7,12,61.38,2.94,0,2.67,0.919
7,13,128.98,4.59,0,1.25,0.421
7,14,217.77,1.94,1,1.47,0.601
7,15,268.9,10.79,0,4.93,0.155
7,16,218.18,0.34,1,5.57,1.3
7,17,90.32,9.55,0,2.8,0.217
7,18,338.34,10.47,0,3.9,1.256
7,19,244.33,2.16,1,1.84,0.904
7,20,150.44,5.58,0,2.37,0.533
7,21,215.05,3.62,0,3.3,1.364
7,22,158.33,10.64,0,4.98,0.393
7,23,176.12,1.63,1,4.68,1.0
7,24,281.61,7.41,0,4.65,1.152
7,25,449.09,8.11,0,3.99,0.956
7,26,248.1,3.99,0,0.88,0.691
7,27,318.03,3.05,0,3.29,0.5
7,28,499.22,2.13,1,0.92,1.303
7,29,489.44,7.54,0,3.04,0.854
7,30,294.69,6.97,0,4.95,0.995
7,31,573.09,3.99,0,0.84,0.2
7,32,278.92,9.6,0,3.28,0.3
7,33,349.56,6.86,0,3.38,0.28
7,34,572.51,6.56,0,2.36,0.917
7,35,324.18,3.15,0,1.02,1.034
7,36,360.02,9.03,0,5.48,1.316
7,37,572.66,3.9,0,2.42,1.453
7,38,404.71,8.41,0,5.66,0.499
7,39,627.18,10.59,0,4.19,1.252
7,40,417.1,7.73,0,4.05,0.664
7,41,504.06,4.28,0,1.68,1.424
7,42,273.72,0.6,1,0.92,1.274
7,43,432.21,10.8,0,5.36,0.105
7,44,768.69,3.79,0,2.57,0.285
7,45,502.33,10.54,0,1.41,0.685
7,46,746.49,4.85,0,2.94,0.463
7,47,565.66,7.81,0,2.2,1.223
7,48,572.41,6.15,0,5.71,1.477
7,49,845.42,6.29,0,3.4,1.451
8,0,0.0,11.55,0,0.79,0.747
8,1,6.26,9.89,0,3.34,0.231
8,2,12.75,1.29,1,3.32,1.255
8,3,33.67,10.97,0,5.37,1.399
8,4,33.47,6.42,0,2.62,0.168
8,5,35.95,3.59,0,4.43,0.536
8,6,98.3,2.32,1,3.1,1.255
8,7,57.64,8.9,0,5.48,0.078
8,8,133.14,2.37,1,3.85,0.664
8,9,129.08,0.57,1,1.81,0.976
8,10,144.79,2.14,1,3.25,0.827
8,11,113.21,9.96,0,2.1,0.052
8,12,124.91,4.5,0,4.18,0.809
8,13,68.97,8.17,0,4.83,0.786
8,14,226.94,3.02,0,2.63,0.591
8,15,98.32,3.27,0,1.83,1.003
8,16,161.25,10.36,0,1.23,0.561
8,17,207.03,11.11,0,4.27,1.472
8,18,99.99,0.6,1,4.44,1.418
8,19,183.37,2.04,1,5.37,0.508
8,20,294.07,10.96,0,3.1,0.103
8,21,191.06,2.2,1,0.76,1.001
8,22,425.64,7.07,0,2.7,0.688
8,23,390.07,4.49,0,4.31,0.583
8,24,478.24,0.48,1,2.83,0.674
8,25,235.86,0.95,1,1.06,0.525
8,26,304.38,9.95,0,1.42,0.694
8,27,393.99,11.95,0,3.88,0.681
8,28,355.5,3.16,0,4.19,0.639
8,29,439.97,4.22,0,0.67,1.281
8,30,312.97,3.87,0,1.8,0.985
8,31,327.5,2.91,0,1.34,0.702
8,32,310.91,3.36,0,1.26,0.582
8,33,421.28,2.41,1,0.64,0.32
8,34,279.43,3.78,0,4.76,1.071
8,35,246.26,9.71,0,5.99,0.34
8,36,617.68,0.68,1,4.42,1.496
8,37,490.25,12.72,0,4.17,1.079
8,38,589.12,0.96,1,1.37,1.079
8,39,658.36,1.1,1,1.73,1.478
8,40,480.44,1.39,1,2.48,0.88
8,41,449.87,3.91,0,5.36,0.145
8,42,572.19,7.5,0,2.76,0.644
8,43,548.7,1.0,1,0.91,0.725
8,44,726.74,2.12,1,3.53,0.902
9,0,0.0,11.96,0,0.8,0.23
9,1,19.11,1.01,1,4.4,0.552
9,2,26.53,11.29,0,1.88,0.971
9,3,22.59,0.97,1,3.43,0.779
9,4,56.31,4.17,0,4.12,1.095
9,5,28.41,8.38,0,5.04,0.091
9,6,67.49,8.52,0,4.08,1.162
9,7,135.45,7.71,0,3.95,0.47
9,8,48.76,10.87,0,4.27,0.481
9,9,126.9,1.27,1,3.16,0.346
9,10,196.31,9.98,0,4.54,1.298
9,11,131.97,1.12,1,3.59,0.513
9,12,129.15,5.13,0,1.03,0.471
9,13,128.85,5.13,0,5.26,0.282
9,14,178.09,5.8,0,4.7,0.772
9,15,188.73,5.76,0,0.63,1.421
9,16,198.77,4.79,0,2.44,0.123
9,17,301.03,9.32,0,3.09,0.828
9,18,188.8,11.67,0,4.5,1.158
9,19,115.96,8.45,0,1.57,0.852
9,20,304.12,10.45,0,2.04,1.484
9,21,211.81,2.45,1,2.67,1.203
9,22,275.03,10.36,0,1.59,0.788
9,23,272.66,0.6,1,2.33,0.737
10,0,0.0,3.39,0,5.62,0.512
10,1,12.65,9.5,0,3.77,0.786
10,2,19.94,1.54,1,3.11,0.074
10,3,54.24,1.22,1,2.19,1.353
10,4,78.32,7.37,0,1.96,1.001
10,5,64.32,0.8,1,0.78,0.747
10,6,51.8,8.91,0,2.59,1.241
10,7,78.97,1.84,1,1.55,0.69
10,8,96.59,0.75,1,3.26,0.937
10,9,120.72,8.5,0,4.38,0.802
10,10,118.95,6.33,0,2.57,1.437
10,11,167.32,1.5,1,4.22,1.308
10,12,110.22,4.47,0,3.16,1.438
10,13,202.46,2.37,1,5.9,1.168
10,14,266.24,6.43,0,3.14,0.863
10,15,276.55,4.68,0,3.65,0.838
10,16,90.1,1.06,1,4.75,0.262
10,17,275.57,2.86,0,5.58,1.001
10,18,163.34,2.12,1,1.99,0.865
10,19,352.98,1.93,1,1.82,0.124
10,20,241.72,0.81,1,1.05,0.529
10,21,154.75,3.37,0,5.8,1.468
10,22,359.45,9.83,0,3.12,0.993
10,23,340.04,0.93,1,0.83,1.165
10,24,451.73,1.93,1,5.18,0.104
10,25,438.58,2.14,1,5.64,0.103
10,26,242.89,3.79,0,4.62,1.315
10,27,270.69,0.96,1,3.82,1.396
10,28,196.36,1.71,1,3.38,1.339
10,29,463.04,0.9,1,4.95,0.529
10,30,282.76,8.42,0,0.58,0.539
10,31,343.55,3.85,0,3.86,0.976
10,32,631.21,1.02,1,2.7,0.188
10,33,386.13,2.36,1,0.54,0.606
10,34,303.39,1.03,1,3.7,0.881
10,35,258.85,0.82,1,4.17,0.725
10,36,552.76,10.2,0,5.38,1.166
10,37,716.34,10.35,0,2.52,0.37
10,38,590.11,1.3,1,5.94,0.592
11,0,0.0,6.93,0,4.15,0.367
11,1,15.56,9.89,0,0.95,0.698
11,2,25.16,1.54,1,0.84,0.844
11,3,20.23,3.52,0,2.3,0.804
11,4,68.52,1.58,1,1.0,0.79
11,5,59.68,6.72,0,3.01,0.134
11,6,97.12,8.57,0,2.68,1.234
11,7,139.38,2.6,0,2.39,0.142
11,8,89.06,2.81,0,5.64,0.096
11,9,101.75,8.94,0,5.88,0.987
11,10,106.35,5.57,0,5.28,1.365
11,11,112.38,8.03,0,3.47,0.998
11,12,100.08,1.48,1,3.41,1.105
11,13,171.17,0.35,1,2.14,1.027
11,14,127.89,9.45,0,1.86,0.552
11,15,169.33,8.58,0,1.12,1.224
11,16,104.22,9.98,0,0.59,0.349
11,17,273.84,1.62,1,4.37,0.121
11,18,105.24,4.26,0,1.69,1.302
11,19,185.89,4.75,0,4.99,1.111
11,20,142.98,8.12,0,2.26,0.488
11,21,403.78,4.15,0,2.15,0.138
11,22,273.55,10.22,0,3.94,0.669
11,23,224.96,10.49,0,4.19,1.189
11,24,290.47,3.51,0,2.57,1.144
11,25,468.03,4.85,0,4.39,1.218
11,26,224.71,10.72,0,3.57,0.244
11,27,172.45,1.72,1,5.57,1.278
11,28,393.23,3.88,0,1.98,1.027
11,29,388.1,3.86,0,4.69,1.1
11,30,156.9,9.85,0,2.33,1.438
11,31,377.7,10.67,0,1.15,1.499
11,32,425.0,1.63,1,1.62,1.377
11,33,294.47,5.55,0,3.44,0.571
11,34,409.44,6.58,0,1.04,1.473
11,35,470.33,10.25,0,2.54,0.65
11,36,492.74,0.62,1,1.93,1.405
11,37,647.52,3.54,0,2.31,0.601
11,38,658.31,7.96,0,4.27,0.423
11,39,660.06,7.85,0,3.2,0.294
11,40,525.28,1.88,1,3.19,1.38
11,41,786.29,2.72,0,0.69,1.278
11,42,355.8,8.93,0,2.77,1.272
11,43,613.5,2.28,0,3.28,0.591
11,44,224.36,7.63,0,3.16,0.757
11,45,884.8,2.3,0,3.41,0.448
11,46,857.74,2.09,1,4.21,1.219
11,47,606.15,0.51,1,1.32,0.328
11,48,532.34,4.55,0,2.68,0.591
12,0,0.0,8.56,0,2.15,1.251
12,1,10.66,8.13,0,0.67,0.638
12,2,35.36,8.01,0,4.37,0.17
12,3,55.27,5.25,0,5.88,1.462
12,4,54.01,4.33,0,5.46,1.054
12,5,65.73,10.61,0,4.26,0.457
12,6,48.64,3.88,0,5.18,0.073
12,7,66.42,2.11,1,5.01,1.397
12,8,104.87,7.38,0,5.17,1.032
12,9,55.59,8.94,0,4.85,1.05
12,10,61.4,5.38,0,1.04,0.387
12,11,108.85,7.8,0,3.78,1.455
12,12,159.55,9.34,0,2.98,0.381
12,13,215.57,3.94,0,3.72,0.601
12,14,149.8,4.48,0,0.9,0.439
12,15,95.59,3.65,0,2.64,0.573
12,16,100.95,6.28,0,4.69,0.198
12,17,107.85,7.29,0,3.32,0.2
12,18,93.33,7.65,0,4.81,1.302
12,19,377.93,9.3,0,4.49,0.861
12,20,180.68,6.97,0,4.27,0.296
12,21,199.42,3.58,0,1.42,0.45
12,22,273.61,5.52,0,5.69,1.095
12,23,251.51,6.39,0,1.25,0.06
12,24,275.02,5.69,0,5.24,0.688
12,25,351.2,8.14,0,3.77,0.486
12,26,254.46,6.59,0,1.48,0.627
12,27,266.98,7.98,0,5.82,1.184
12,28,223.92,9.36,0,2.51,1.401
12,29,461.34,3.88,0,4.72,0.089
12,30,181.12,4.15,0,4.89,1.255
12,31,295.82,9.44,0,4.2,0.252
12,32,375.55,3.65,0,2.83,0.597
12,33,595.47,7.52,0,3.44,1.389
12,34,584.27,2.59,0,5.83,1.067
12,35,523.96,10.52,0,1.1,0.41
12,36,529.24,7.79,0,3.6,0.985
12,37,239.73,5.25,0,4.88,0.204
13,0,0.0,6.46,0,3.69,0.884
13,1,10.17,8.59,0,3.74,0.776
13,2,13.48,0.53,1,2.79,1.445
13,3,24.31,3.29,0,2.22,0.71
13,4,39.13,6.1,0,2.91,1.06
13,5,73.6,8.91,0,1.13,1.281
13,6,45.7,3.48,0,5.91,0.404
13,7,77.53,1.53,1,5.77,0.386
13,8,113.69,1.71,1,2.88,0.092
13,9,72.78,1.6,1,2.64,1.072
13,10,180.8,8.89,0,0.84,0.198
13,11,197.34,1.02,1,3.02,0.43
13,12,165.66,7.47,0,3.78,0.936
13,13,202.67,9.2,0,3.9,1.23
13,14,94.75,7.26,0,0.97,0.244
13,15,169.1,3.64,0,4.31,0.791
13,16,246.42,1.14,1,1.52,0.971
13,17,120.78,10.5,0,3.55,0.76
13,18,92.59,5.89,0,0.79,0.571
13,19,236.07,2.09,1,5.8,0.783
13,20,124.8,5.59,0,5.12,0.759
13,21,274.35,1.97,1,2.11,0.449
13,22,291.41,1.31,1,4.58,1.161
13,23,241.57,0.55,1,4.76,1.244
13,24,476.32,2.45,0,4.45,0.842
13,25,499.74,2.13,1,4.63,0.482
13,26,517.64,5.03,0,4.99,0.687
14,0,0.0,4.41,0,4.56,1.049
14,1,17.2,6.51,0,3.89,1.188
14,2,15.05,7.87,0,3.43,0.915
14,3,38.15,5.21,0,3.65,1.431
14,4,44.7,10.22,0,1.25,1.138
14,5,34.95,0.91,1,4.11,1.067
14,6,65.34,1.01,1,1.86,1.273
14,7,42.93,1.69,1,3.95,0.594
14,8,123.36,9.78,0,2.72,1.137
14,9,162.3,6.76,0,3.18,0.894
14,10,154.59,3.29,0,5.85,0.971
14,11,191.1,10.04,0,2.69,1.454
14,12,83.51,5.5,0,2.06,0.844
14,13,73.96,9.97,0,5.42,1.155
14,14,103.18,10.43,0,0.59,1.398
14,15,279.62,11.92,0,2.85,1.494
14,16,102.4,5.3,0,5.31,1.321
14,17,98.21,0.48,1,4.15,0.991
14,18,114.62,9.37,0,4.65,0.672
14,19,243.04,0.77,1,0.93,0.911
14,20,358.1,2.48,0,2.39,0.225
14,21,358.88,6.99,0,1.76,0.18
14,22,378.41,1.11,1,2.15,0.605
14,23,309.34,8.56,0,4.22,0.149
14,24,389.38,3.98,0,2.43,0.359
14,25,461.22,8.31,0,2.93,0.365
14,26,297.46,0.57,1,4.52,0.56
14,27,378.4,4.78,0,4.05,0.41
14,28,495.77,5.13,0,5.68,0.089
14,29,315.41,4.37,0,3.84,0.324
14,30,323.65,9.92,0,4.87,0.397
14,31,160.61,1.7,1,0.89,1.339
14,32,362.01,1.0,1,2.63,1.267
14,33,201.13,4.06,0,3.09,1.482
14,34,653.83,2.53,0,1.69,1.388
14,35,397.38,5.15,0,4.42,1.162
14,36,225.14,8.55,0,3.46,0.271
14,37,366.35,2.33,1,5.86,0.275
14,38,366.8,9.73,0,4.07,0.983
14,39,735.91,11.55,0,1.81,0.404
14,40,594.83,1.65,1,0.8,1.016
14,41,510.29,0.33,1,1.25,0.066
14,42,444.28,1.44,1,5.02,0.426
14,43,795.43,10.78,0,4.53,0.221
15,0,0.0,5.19,0,0.85,1.083
15,1,13.5,1.3,1,2.48,0.774
15,2,31.68,0.86,1,1.07,0.882
15,3,26.0,1.42,1,0.74,1.301
15,4,71.45,1.14,1,1.33,1.4
15,5,49.14,11.57,0,4.57,0.658
15,6,63.55,1.88,1,1.99,0.163
15,7,138.05,2.28,1,1.49,1.216
15,8,141.38,3.17,0,3.06,0.459
15,9,121.11,1.52,1,0.54,0.341
15,10,124.0,1.67,1,3.05,0.908
15,11,95.45,4.43,0,5.45,1.153
15,12,211.12,1.2,1,1.78,0.552
15,13,230.56,11.93,0,0.51,1.003
15,14,173.33,3.52,0,3.41,0.395
15,15,282.29,2.49,1,4.41,0.185
15,16,313.89,7.65,0,4.35,0.59
15,17,104.08,0.51,1,1.23,1.239
15,18,160.47,6.81,0,5.8,0.393
15,19,185.65,2.06,1,4.35,1.116
15,20,275.41,0.46,1,1.61,1.181
15,21,273.82,0.66,1,3.06,0.639
15,22,149.57,4.55,0,2.2,0.434
15,23,128.91,1.81,1,5.05,1.06
15,24,248.07,5.74,0,1.0,0.41
15,25,136.66,1.79,1,1.93,1.486
15,26,310.2,1.29,1,4.61,0.412
15,27,532.94,3.87,0,0.57,1.254
15,28,410.77,2.11,1,2.55,0.964
15,29,173.05,5.06,0,4.97,0.082
16,0,0.0,10.08,0,1.01,1.279
16,1,11.5,2.37,1,0.78,1.39
16,2,20.62,7.1,0,2.61,0.669
16,3,42.63,5.0,0,2.95,0.266
16,4,48.74,8.54,0,3.24,1.33
16,5,84.79,1.14,1,2.81,0.982
16,6,64.42,2.49,1,3.49,0.078
16,7,94.39,6.95,0,4.8,0.549
16,8,43.52,0.89,1,0.64,0.916
16,9,93.25,5.05,0,4.95,0.734
16,10,86.17,4.6,0,1.38,0.409
16,11,211.39,9.91,0,4.55,1.158
16,12,238.48,11.73,0,2.64,1.406
16,13,134.96,0.82,1,2.25,1.12
16,14,99.84,9.08,0,2.43,0.873
16,15,196.98,10.34,0,4.96,1.457
16,16,84.78,0.38,1,0.81,0.922
16,17,171.89,1.03,1,3.88,1.219
16,18,129.88,2.07,1,5.28,0.136
16,19,198.99,3.73,0,1.11,0.813
16,20,200.97,1.85,1,4.14,0.9
16,21,306.37,2.45,1,4.53,0.683
16,22,403.57,1.0,1,4.39,0.865
16,23,245.54,5.78,0,4.16,1.231
16,24,372.72,5.18,0,1.48,0.053
16,25,193.28,10.48,0,4.74,0.873
16,26,170.6,2.08,1,3.86,0.977
16,27,264.41,1.03,1,0.93,0.553
16,28,446.3,11.55,0,5.02,1.022
16,29,297.46,0.33,1,1.65,1.055
16,30,338.84,9.24,0,0.76,0.685
16,31,329.54,1.21,1,5.35,0.559
16,32,268.28,9.89,0,3.68,1.149
16,33,294.26,2.06,1,0.68,0.079
16,34,208.25,1.05,1,5.38,0.283
16,35,643.94,11.69,0,2.36,1.479
16,36,414.47,6.49,0,4.09,0.931
16,37,492.53,1.03,1,5.86,0.643
16,38,244.67,7.52,0,4.13,0.481
16,39,197.23,1.51,1,3.2,0.129
16,40,258.19,2.11,1,3.94,0.746
16,41,276.04,1.7,1,5.87,0.737
16,42,614.38,6.86,0,5.42,0.434
16,43,243.78,1.12,1,2.6,0.321
16,44,319.75,0.88,1,5.1,0.868
16,45,504.44,3.3,0,4.17,1.222
16,46,590.58,4.55,0,0.84,0.611
16,47,401.13,8.92,0,5.65,0.88
17,0,0.0,2.29,1,4.43,0.778
17,1,16.36,8.17,0,3.91,0.224
17,2,13.79,2.47,1,5.85,1.222
17,3,43.23,10.91,0,2.89,1.496
17,4,24.02,4.47,0,5.51,1.376
17,5,59.36,5.7,0,2.29,0.45
17,6,67.76,9.13,0,3.93,0.808
17,7,133.66,3.51,0,3.73,1.15
17,8,104.28,7.16,0,1.06,0.465
17,9,127.21,5.82,0,2.61,0.754
17,10,154.05,0.91,1,1.29,0.933
17,11,178.05,2.26,1,2.32,0.394
17,12,114.55,10.1,0,0.61,1.235
17,13,234.44,1.38,1,4.33,0.192
17,14,126.58,2.44,1,2.94,1.247
17,15,260.39,7.89,0,1.53,0.357
17,16,203.66,8.89,0,5.27,1.24
17,17,302.08,0.98,1,3.29,0.247
17,18,315.98,2.46,0,1.56,1.258
17,19,173.08,1.3,1,5.55,1.072
17,20,109.17,6.65,0,3.99,0.23
17,21,289.87,7.44,0,1.48,1.312
17,22,337.32,3.64,0,5.42,1.136
17,23,447.9,1.15,1,1.4,0.88
17,24,267.42,7.91,0,4.23,0.44
17,25,466.82,2.02,1,4.72,0.063
17,26,443.98,7.5,0,0.55,0.416
17,27,287.47,2.43,1,4.04,0.665
17,28,486.21,4.42,0,3.07,1.032
18,0,0.0,2.16,0,6.0,1.451
18,1,12.23,7.09,0,2.05,1.042
18,2,29.68,0.91,1,2.29,0.451
18,3,25.81,7.57,0,1.54,0.8
18,4,39.18,2.19,1,4.96,0.636
18,5,93.02,0.36,1,3.24,0.479
18,6,103.44,1.92,1,3.71,1.492
18,7,84.95,1.87,1,4.27,0.976
18,8,118.91,5.11,0,2.15,0.296
18,9,142.9,4.57,0,3.09,1.124
18,10,148.17,9.77,0,5.71,1.354
18,11,201.33,0.79,1,5.29,0.66
18,12,69.66,1.59,1,3.05,0.221
18,13,102.94,6.97,0,3.91,0.735
18,14,252.88,1.8,1,3.41,0.649
18,15,275.89,2.48,1,2.38,1.481
18,16,99.39,3.3,0,5.24,0.312
18,17,200.27,2.47,1,2.22,0.134
18,18,302.01,2.0,1,3.67,0.28
18,19,217.27,3.19,0,2.89,0.673
18,20,385.02,0.31,1,3.44,1.109
18,21,106.3,8.46,0,3.42,0.076
18,22,143.89,4.0,0,5.32,0.503
18,23,442.22,0.97,1,0.86,0.116
18,24,367.24,1.44,1,3.38,0.679
18,25,186.83,2.49,1,3.2,1.138
18,26,514.1,8.92,0,0.61,0.375
18,27,423.0,0.35,1,3.28,0.229
18,28,401.72,5.25,0,4.02,1.168
18,29,165.98,2.5,0,1.09,1.262
18,30,465.84,1.28,1,1.18,0.416
18,31,201.96,1.81,1,0.55,0.66
19,0,0.0,1.63,1,1.25,1.254
19,1,7.98,3.29,0,1.13,0.204
19,2,31.1,0.88,1,3.38,0.342
19,3,56.99,0.39,1,3.23,0.351
19,4,70.11,2.26,0,4.19,1.365
19,5,79.27,3.57,0,1.0,0.792
19,6,56.64,0.86,1,1.77,1.484
19,7,65.51,3.13,0,1.46,0.107
19,8,130.98,5.03,0,4.56,0.188
19,9,93.27,2.17,1,4.15,0.297
19,10,172.24,7.8,0,5.33,0.185
19,11,118.64,1.18,1,5.79,0.444
19,12,80.35,9.39,0,4.07,1.206
19,13,146.13,2.76,0,5.68,0.281
19,14,149.75,9.41,0,4.23,0.313
19,15,294.03,2.49,0,4.26,1.266
19,16,91.03,2.32,1,1.12,0.646
19,17,280.72,0.99,1,4.38,1.033
19,18,181.34,7.29,0,5.88,1.021
19,19,165.84,8.5,0,1.02,1.009
19,20,267.5,8.28,0,2.62,1.267
19,21,372.39,2.72,0,4.04,0.278
19,22,189.49,10.01,0,0.91,0.763
19,23,254.13,2.69,0,1.72,0.983
19,24,428.37,1.31,1,4.91,0.7
19,25,163.49,3.3,0,3.24,0.997
19,26,365.64,7.22,0,0.5,0.182
19,27,406.95,4.96,0,3.3,0.35
19,28,330.87,5.49,0,0.8,0.373
19,29,456.42,7.78,0,3.1,1.003
19,30,523.45,1.97,1,1.72,0.545
19,31,176.29,4.85,0,3.37,1.068
19,32,211.34,0.61,1,4.44,1.096
19,33,391.24,3.91,0,5.62,0.62
19,34,642.58,8.65,0,1.09,0.651
19,35,520.69,7.5,0,4.75,0.703
20,0,0.0,10.48,0,0.52,1.118
20,1,18.65,7.21,0,5.58,1.183
20,2,29.73,3.66,0,4.98,0.2
20,3,42.4,4.94,0,5.35,0.657
20,4,37.65,4.3,0,2.69,0.547
20,5,63.42,3.35,0,3.81,1.335
20,6,79.82,6.89,0,2.23,1.118
20,7,131.73,0.76,1,4.43,1.046
20,8,105.1,1.86,1,5.86,0.308
20,9,123.68,8.3,0,4.68,0.865
20,10,130.09,8.29,0,4.21,1.346
20,11,117.84,5.81,0,0.57,0.204
20,12,237.04,0.42,1,1.97,1.189
20,13,104.78,3.42,0,0.84,1.187
20,14,211.86,5.26,0,2.99,0.943
20,15,189.96,4.1,0,4.06,0.614
20,16,171.58,8.17,0,4.31,0.118
20,17,98.72,8.97,0,4.27,1.45
20,18,209.63,3.91,0,5.28,1.298
20,19,262.69,1.69,1,4.4,0.583
20,20,234.64,3.86,0,4.49,0.331
20,21,142.6,2.8,0,5.79,1.116
20,22,389.18,0.91,1,1.95,0.283
20,23,435.38,1.33,1,5.66,0.108
20,24,228.42,8.84,0,3.94,1.273
20,25,322.02,6.91,0,0.9,1.076
20,26,341.8,6.66,0,4.82,0.281
20,27,269.08,5.18,0,5.36,1.012
20,28,375.76,10.37,0,3.9,0.739
20,29,249.55,7.77,0,1.13,0.552
20,30,548.55,10.09,0,1.84,0.108
20,31,491.65,9.04,0,1.12,0.422
20,32,404.19,1.44,1,4.74,0.796
20,33,205.76,4.72,0,4.08,0.514
20,34,489.74,2.44,1,4.75,0.823
20,35,613.72,1.68,1,1.67,1.044
20,36,415.03,2.12,1,5.33,1.125
20,37,582.86,2.78,0,4.27,0.084
20,38,230.15,0.46,1,1.48,0.415
20,39,431.6,10.03,0,2.74,0.704
20,40,632.17,5.52,0,1.15,0.059
20,41,424.99,1.94,1,0.75,1.28
20,42,387.36,4.66,0,4.27,0.93
20,43,315.83,5.45,0,5.02,0.095
20,44,414.69,1.94,1,4.88,1.282
20,45,810.32,4.73,0,5.38,1.45
20,46,327.55,10.43,0,0.56,1.318
20,47,295.01,1.56,1,2.67,0.844
20,48,892.05,1.93,1,4.49,0.357
20,49,430.77,3.39,0,1.51,0.944
21,0,0.0,8.82,0,5.19,1.285
21,1,6.01,5.97,0,3.52,0.471
21,2,13.85,1.9,1,3.18,0.53
21,3,29.3,2.94,0,3.91,1.355
21,4,53.93,7.28,0,2.18,0.897
21,5,43.46,4.76,0,2.86,0.057
21,6,42.09,8.31,0,2.9,1.268
21,7,67.07,9.47,0,3.05,0.57
21,8,143.05,3.58,0,3.84,1.271
21,9,55.32,1.48,1,1.95,1.335
21,10,137.28,0.34,1,3.29,0.095
21,11,144.67,7.06,0,5.48,0.85
21,12,100.2,6.07,0,4.76,0.58
21,13,164.53,8.26,0,2.1,0.724
21,14,239.37,6.32,0,4.14,1.28
21,15,115.31,3.49,0,3.33,0.697
21,16,196.04,7.64,0,5.82,1.117
21,17,179.21,3.94,0,3.18,0.141
21,18,216.81,0.75,1,5.49,0.574
21,19,295.56,2.49,0,5.89,0.52
21,20,263.31,9.07,0,5.09,0.432
21,21,368.17,7.59,0,2.51,0.997
21,22,226.46,5.26,0,5.49,0.799
22,0,0.0,8.76,0,5.38,0.06
22,1,7.25,4.03,0,3.33,0.457
22,2,22.44,1.62,1,4.99,1.009
22,3,41.59,3.05,0,4.21,0.745
22,4,55.54,5.55,0,1.84,0.235
22,5,37.48,1.43,1,5.4,0.263
22,6,87.39,6.44,0,2.73,1.455
22,7,57.74,8.21,0,5.02,1.424
22,8,89.29,6.06,0,3.15,0.368
22,9,113.96,1.58,1,4.72,0.954
22,10,60.33,1.81,1,5.57,0.915
22,11,205.04,3.21,0,0.59,0.808
22,12,222.29,9.04,0,3.83,0.307
22,13,83.17,9.47,0,3.42,1.141
22,14,266.92,9.68,0,3.47,0.052
22,15,231.97,5.72,0,2.81,1.318
22,16,164.12,9.98,0,3.15,1.165
22,17,193.5,9.73,0,5.1,0.885
22,18,251.54,1.98,1,5.51,0.172
22,19,97.03,4.27,0,0.53,1.128
22,20,341.29,6.47,0,2.56,0.348
22,21,187.31,3.0,0,2.84,0.899
22,22,241.16,6.84,0,3.87,1.488
22,23,307.89,1.51,1,3.57,0.309
22,24,263.33,10.4,0,3.68,1.173
22,25,418.67,2.2,1,1.15,0.383
22,26,442.33,2.94,0,3.3,1.19
22,27,392.53,7.85,0,0.79,0.614
22,28,177.02,9.02,0,3.09,0.92
22,29,549.85,1.12,1,3.85,1.101
22,30,175.86,7.61,0,2.08,1.447
22,31,550.51,3.57,0,3.22,0.066
22,32,405.06,6.45,0,1.57,1.187
22,33,489.23,7.27,0,4.21,0.572
22,34,511.53,2.83,0,2.02,0.629
22,35,657.57,3.78,0,0.58,1.07
22,36,367.64,8.2,0,3.58,0.895
22,37,409.2,4.0,0,5.8,0.709
22,38,476.81,0.69,1,3.28,0.86
22,39,509.67,3.08,0,3.32,0.424
22,40,490.18,4.2,0,2.94,0.597
22,41,756.36,1.05,1,4.77,1.038
22,42,706.85,6.15,0,1.92,0.605
22,43,442.75,1.84,1,4.9,0.648
22,44,483.29,7.99,0,1.95,0.467
22,45,436.86,4.97,0,3.55,0.309
22,46,871.88,1.56,1,1.51,1.132
23,0,0.0,0.74,1,4.54,1.315
23,1,6.6,0.85,1,3.9,0.276
23,2,32.93,8.03,0,4.15,0.94
23,3,37.16,2.54,0,3.15,0.95
23,4,79.06,9.95,0,5.28,0.762
23,5,29.06,4.6,0,1.72,0.886
23,6,65.43,6.32,0,3.47,0.779
23,7,83.31,3.69,0,5.87,1.062
23,8,79.05,2.27,0,1.66,0.892
23,9,108.63,4.42,0,3.52,0.394
23,10,155.11,5.34,0,3.24,0.355
23,11,76.64,2.18,1,2.04,0.311
23,12,102.44,4.15,0,1.05,0.441
23,13,94.16,1.14,1,1.3,1.441
23,14,248.37,3.7,0,3.25,1.494
23,15,201.48,1.89,1,4.82,0.485
23,16,275.32,5.63,0,4.3,0.137
23,17,177.05,1.69,1,2.97,0.535
23,18,122.73,10.25,0,1.92,0.079
23,19,280.0,10.52,0,1.59,0.885
23,20,246.25,2.02,1,2.45,1.026
23,21,303.99,9.89,0,2.6,0.465
23,22,318.32,0.67,1,4.94,0.539
23,23,193.74,9.53,0,0.89,0.285
23,24,217.65,0.94,1,1.97,0.985
23,25,487.07,2.2,1,2.5,0.901
24,0,0.0,2.18,1,1.19,0.39
24,1,6.43,8.4,0,1.66,0.626
24,2,25.72,6.07,0,0.8,1.168
24,3,56.92,2.97,0,3.9,0.172
24,4,27.58,0.8,1,4.56,0.693
24,5,93.65,3.53,0,0.69,0.567
24,6,79.37,6.02,0,5.29,1.406
24,7,82.94,2.39,1,3.47,0.907
24,8,104.05,9.47,0,2.89,0.978
24,9,86.56,6.15,0,1.75,0.18
24,10,163.74,0.64,1,0.56,0.809
24,11,136.17,0.93,1,3.44,1.047
24,12,167.46,4.62,0,4.71,1.207
24,13,150.24,6.7,0,1.54,1.329
24,14,116.32,1.87,1,4.05,1.251
24,15,212.97,1.68,1,3.34,1.21
24,16,144.52,4.38,0,4.07,0.821
24,17,201.11,0.45,1,1.25,0.21
24,18,131.08,1.84,1,3.21,0.515
24,19,130.64,2.29,0,5.85,0.459
24,20,165.16,0.32,1,1.0,0.071
24,21,324.53,2.03,1,3.24,0.589
24,22,197.95,0.48,1,4.63,0.262
24,23,201.28,1.5,1,1.5,1.349
24,24,258.53,0.33,1,5.86,1.086
24,25,400.75,4.18,0,5.97,0.339
24,26,504.87,1.77,1,1.65,0.614
24,27,357.58,3.43,0,4.51,1.13
24,28,161.88,1.36,1,2.14,0.573
24,29,151.55,10.28,0,1.8,0.68
24,30,585.98,7.01,0,2.68,0.402
24,31,513.42,7.9,0,4.29,0.275
24,32,625.43,1.4,1,4.27,0.541
25,0,0.0,2.6,0,4.05,1.067
25,1,16.35,0.81,1,5.9,1.193
25,2,20.75,5.79,0,1.56,1.049
25,3,28.26,2.28,1,3.17,0.684
25,4,63.94,3.69,0,1.53,0.554
25,5,30.17,9.08,0,5.53,0.854
25,6,30.06,0.95,1,1.95,0.582
25,7,124.97,5.28,0,1.52,0.077
25,8,104.67,4.11,0,4.47,1.005
25,9,127.76,6.5,0,3.24,0.85
25,10,60.0,7.48,0,1.11,0.809
25,11,135.09,3.19,0,5.3,0.343
25,12,154.65,1.56,1,5.1,1.004
25,13,78.82,4.25,0,2.51,0.929
25,14,86.79,3.85,0,3.2,1.34
25,15,168.59,2.61,0,3.57,1.41
25,16,89.76,8.05,0,5.03,0.435
25,17,109.77,0.97,1,5.7,1.443
25,18,157.17,6.57,0,1.54,0.813
25,19,125.07,3.6,0,4.62,0.652
25,20,364.85,5.11,0,3.02,1.015
25,21,154.83,0.7,1,2.71,0.539
25,22,437.18,5.82,0,2.44,0.507
25,23,365.42,5.22,0,4.7,0.674
25,24,453.41,6.83,0,1.68,1.16
25,25,397.37,10.18,0,2.96,0.626
25,26,247.72,7.1,0,3.35,1.49
25,27,467.89,3.96,0,5.21,0.081
25,28,528.89,4.42,0,3.55,0.857
25,29,304.68,0.38,1,2.46,0.251
25,30,329.91,4.06,0,4.96,0.183
25,31,235.4,8.27,0,4.48,1.2
25,32,445.71,7.89,0,3.67,1.366
25,33,192.68,8.24,0,3.67,0.164
25,34,612.59,5.02,0,4.99,0.654
25,35,181.0,4.0,0,4.09,0.923
25,36,471.56,5.31,0,2.18,0.11
25,37,591.03,1.41,1,1.71,0.123
25,38,316.59,5.84,0,3.77,0.782
25,39,529.29,5.41,0,1.23,0.17
25,40,664.3,1.18,1,0.97,0.778
25,41,606.13,0.6,1,3.58,0.757
25,42,255.14,1.66,1,4.55,0.407
25,43,648.28,4.82,0,5.58,0.18
26,0,0.0,0.72,1,2.39,1.0
26,1,14.35,1.07,1,5.02,1.214
26,2,14.68,2.33,1,1.78,1.044
26,3,42.95,2.82,0,4.57,0.402
26,4,68.26,2.13,1,2.08,0.548
26,5,40.89,1.34,1,2.33,1.123
26,6,119.31,8.4,0,3.52,0.953
26,7,90.31,7.71,0,2.57,1.364
26,8,72.55,0.43,1,1.6,1.06
26,9,134.5,10.04,0,0.87,1.008
26,10,182.51,5.13,0,1.09,0.474
26,11,204.14,2.46,1,3.3,1.079
26,12,234.02,7.12,0,0.98,0.338
26,13,124.46,8.08,0,0.72,1.387
26,14,144.63,8.35,0,0.6,1.042
26,15,88.95,2.49,1,5.88,0.45
26,16,306.59,1.15,1,6.0,1.486
26,17,120.0,3.99,0,2.38,0.62
26,18,275.36,6.47,0,4.23,1.315
26,19,267.53,1.56,1,2.85,0.503
26,20,305.21,0.59,1,4.09,0.892
26,21,391.51,0.6,1,4.29,1.353
26,22,296.4,2.3,1,4.74,1.002
26,23,178.53,0.45,1,3.43,1.093
26,24,470.24,3.32,0,0.66,0.512
26,25,363.82,4.65,0,4.6,1.241
26,26,140.22,3.38,0,1.53,0.241
26,27,376.53,7.28,0,3.83,0.938
26,28,196.32,0.36,1,0.94,1.181
26,29,313.55,6.04,0,4.07,0.317
26,30,585.97,3.48,0,1.74,0.642
26,31,249.32,10.08,0,1.72,1.023
26,32,456.19,0.69,1,5.75,0.687
27,0,0.0,1.31,1,1.86,0.637
27,1,16.14,5.3,0,2.22,0.937
27,2,25.62,6.51,0,5.32,1.191
27,3,38.34,2.12,1,0.73,1.494
27,4,57.84,1.92,1,3.57,0.798
27,5,87.07,0.94,1,2.69,0.492
27,6,76.53,1.23,1,3.87,0.129
27,7,46.88,2.13,1,2.98,1.098
27,8,89.63,9.98,0,4.33,0.246
27,9,72.26,0.69,1,3.75,1.083
27,10,169.47,0.85,1,4.3,1.365
27,11,114.89,3.14,0,1.13,0.702
27,12,230.96,5.33,0,4.85,0.792
27,13,175.27,1.14,1,4.73,1.373
27,14,219.53,3.36,0,5.28,0.309
27,15,215.95,0.98,1,4.73,0.697
27,16,140.75,0.59,1,1.62,0.953
27,17,310.09,2.18,1,3.49,0.058
27,18,111.44,1.6,1,3.12,0.645
27,19,253.9,4.16,0,3.51,0.949
27,20,111.02,2.51,0,1.32,0.997
27,21,394.92,7.7,0,5.11,0.483
27,22,311.66,1.22,1,1.48,1.025
27,23,272.09,7.1,0,4.83,0.307
27,24,252.68,9.92,0,1.01,0.484
27,25,234.81,0.45,1,2.85,0.848
27,26,334.61,1.83,1,2.01,0.814
27,27,389.74,7.24,0,1.1,1.108
27,28,554.24,6.16,0,4.29,1.404
27,29,577.84,1.64,1,2.24,0.812
27,30,434.34,0.59,1,3.59,0.804
27,31,610.35,0.7,1,3.85,1.077
27,32,567.07,0.35,1,3.94,0.221
27,33,442.41,10.49,0,2.78,0.534
27,34,573.0,2.19,0,1.61,0.458
27,35,535.06,1.41,1,2.28,0.059
27,36,274.84,1.89,1,3.89,0.092
27,37,627.48,1.04,1,4.2,1.378
27,38,496.07,6.14,0,3.95,1.343
27,39,683.54,2.02,1,2.78,1.127
27,40,324.96,1.89,1,2.24,0.827
27,41,801.31,8.82,0,5.38,0.563
28,0,0.0,4.95,0,2.56,0.825
28,1,9.62,3.67,0,1.14,1.184
28,2,36.31,8.06,0,1.99,0.176
28,3,22.88,2.12,1,2.16,0.811
28,4,50.36,0.38,1,1.61,0.184
28,5,61.26,9.7,0,1.35,0.543
28,6,38.84,4.71,0,2.3,1.166
28,7,38.84,6.44,0,5.96,0.348
28,8,45.28,2.2,1,1.14,0.501
28,9,58.92,9.42,0,2.33,1.339
28,10,145.83,8.36,0,0.62,1.15
28,11,182.51,0.74,1,2.08,0.822
28,12,232.49,4.39,0,1.37,0.216
28,13,117.86,2.96,0,3.48,0.847
28,14,135.39,8.85,0,3.66,0.298
28,15,278.24,6.64,0,0.78,0.092
28,16,249.12,1.14,1,0.97,0.618
28,17,175.68,7.39,0,4.3,0.696
28,18,111.21,0.74,1,4.67,1.223
28,19,323.67,8.52,0,3.62,0.185
28,20,329.95,2.92,0,2.21,0.984
28,21,186.29,2.38,1,1.29,1.349
28,22,394.06,0.7,1,5.54,0.529
28,23,280.13,1.37,1,0.86,0.214
28,24,302.86,4.47,0,2.42,0.883
28,25,151.6,1.87,1,1.09,0.856
28,26,225.04,1.31,1,3.75,0.396
28,27,416.09,1.36,1,0.86,0.352
29,0,0.0,5.76,0,4.83,0.84
29,1,12.3,2.75,0,5.62,0.883
29,2,15.29,5.99,0,3.55,1.242
29,3,49.71,2.68,0,1.1,1.23
29,4,69.02,1.39,1,4.13,0.181
29,5,36.0,9.69,0,4.0,0.05
29,6,47.61,1.47,1,2.64,0.888
29,7,66.98,4.76,0,3.64,1.374
29,8,50.71,5.75,0,5.9,0.549
29,9,84.71,2.47,1,2.72,0.235
29,10,173.11,1.51,1,0.79,1.07
29,11,170.87,2.19,1,5.26,0.391
29,12,158.12,1.0,1,2.61,0.603
29,13,245.27,6.09,0,1.54,0.608
29,14,98.2,3.4,0,5.99,1.022
29,15,173.27,0.33,1,4.47,0.756
29,16,189.45,2.81,0,4.03,0.653
29,17,214.9,7.18,0,2.84,0.311
29,18,253.23,5.88,0,2.45,0.319
29,19,212.09,9.21,0,1.8,0.778
29,20,311.46,5.18,0,5.88,0.874
29,21,335.36,1.36,1,4.3,0.256
29,22,135.82,10.36,0,4.78,0.724
29,23,446.34,2.84,0,3.1,1.125
29,24,139.0,1.69,1,4.89,0.503
29,25,300.96,2.01,1,3.08,0.793
29,26,242.79,5.64,0,5.78,1.207
29,27,363.3,2.33,1,4.62,1.104
29,28,555.95,1.34,1,1.43,0.125
29,29,364.93,7.34,0,2.08,0.17
29,30,536.04,4.43,0,1.23,0.457
29,31,225.28,0.55,1,1.46,0.908
29,32,392.76,2.08,1,1.94,1.066
30,0,0.0,2.61,0,5.91,1.453
30,1,10.75,10.05,0,4.64,0.649
30,2,35.25,9.01,0,1.42,0.888
30,3,35.88,0.88,1,5.01,0.126
30,4,34.02,6.71,0,5.72,1.388
30,5,57.61,5.91,0,1.94,0.819
30,6,77.72,2.05,1,2.6,0.508
30,7,123.65,3.21,0,3.42,0.563
30,8,136.28,8.33,0,2.0,0.442
30,9,77.64,1.59,1,3.04,1.029
30,10,198.98,9.43,0,3.36,1.033
30,11,122.86,0.32,1,0.55,0.149
30,12,105.34,8.64,0,2.43,1.102
30,13,239.32,1.66,1,0.81,0.912
30,14,88.14,1.62,1,1.17,1.439
30,15,255.72,5.78,0,4.7,0.989
30,16,238.51,0.54,1,1.51,0.477
30,17,261.52,1.3,1,5.97,1.166
30,18,164.87,9.42,0,1.92,1.182
30,19,326.65,1.15,1,5.98,0.424
30,20,217.79,0.45,1,5.89,0.341
30,21,298.4,3.31,0,3.47,0.675
30,22,133.24,1.27,1,1.92,0.101
30,23,340.24,9.49,0,0.6,0.772
30,24,238.74,0.38,1,2.65,0.27
30,25,304.3,0.31,1,4.39,1.168
30,26,218.08,9.03,0,4.97,0.152
30,27,351.8,1.82,1,4.79,0.226
30,28,558.75,5.39,0,2.17,0.13
30,29,510.91,5.68,0,5.19,0.543
30,30,585.38,4.99,0,1.62,0.854
30,31,475.31,5.07,0,2.65,0.205
30,32,177.14,10.49,0,2.91,0.325
30,33,557.41,2.49,1,1.81,0.614
30,34,662.95,6.92,0,5.81,1.227
30,35,387.89,1.05,1,2.36,1.095
30,36,649.91,1.74,1,3.38,1.413
30,37,593.18,9.15,0,1.78,0.154
30,38,328.33,2.49,0,5.49,0.947
30,39,675.13,2.44,0,3.98,1.362
30,40,690.48,1.64,1,5.09,0.143
30,41,329.62,1.61,1,3.89,0.142
30,42,286.11,2.14,1,4.56,0.633
30,43,352.53,7.35,0,2.27,1.449
30,44,719.98,0.68,1,0.85,0.447
